pohla Sessions: Adventure Calls: The Benefits and Challenges of Study Abroad, Emergency Medical Technician: Working in the Back of an Ambulance, The Road Less Traveled: Finding the Right Path for You, So You Want to Play with Swords: Performance Martial Arts and Club Leadership , Be Your Own Boss: Entrepreneurship Opportunities in College and Beyond, 
formana Sessions: Adventure Calls: The Benefits and Challenges of Study Abroad, Emergency Medical Technician: Working in the Back of an Ambulance, So You Want to Play with Swords: Performance Martial Arts and Club Leadership , Be Your Own Boss: Entrepreneurship Opportunities in College and Beyond, Thriving in a Highly Competitive College Environment, 
kovachh Sessions: Adventure Calls: The Benefits and Challenges of Study Abroad, Be Your Own Boss: Entrepreneurship Opportunities in College and Beyond, Emergency Medical Technician: Working in the Back of an Ambulance, On-Campus Recruiting and the Coveted Junior Year Internship in Finance, Thriving in a Highly Competitive College Environment, 
alberth Sessions: Adventure Calls: The Benefits and Challenges of Study Abroad, Community Service and Volunteering: Making an Impact as a College Student, So You Want to Play with Swords: Performance Martial Arts and Club Leadership , Co-Ops and Engineering Internships: Gaining Professional Experience, Be Your Own Boss: Entrepreneurship Opportunities in College and Beyond, 
sullivanj Sessions: Adventure Calls: The Benefits and Challenges of Study Abroad, Co-Ops and Engineering Internships: Gaining Professional Experience, Be Your Own Boss: Entrepreneurship Opportunities in College and Beyond, Conquering the Concrete Jungle, Thriving in a Highly Competitive College Environment, 
rennerj Sessions: Adventure Calls: The Benefits and Challenges of Study Abroad, So You Want to Play with Swords: Performance Martial Arts and Club Leadership , Be Your Own Boss: Entrepreneurship Opportunities in College and Beyond, Conquering the Concrete Jungle, Thriving in a Highly Competitive College Environment, 
settersk Sessions: Adventure Calls: The Benefits and Challenges of Study Abroad, So You Want to Play with Swords: Performance Martial Arts and Club Leadership , The Road Less Traveled: Finding the Right Path for You, College Decisions: Choosing a Historically Black College over a Predominately White Institution, Conquering the Concrete Jungle, 
farrelll Sessions: Adventure Calls: The Benefits and Challenges of Study Abroad, So You Want to Play with Swords: Performance Martial Arts and Club Leadership , College Decisions: Choosing a Historically Black College over a Predominately White Institution, Conquering the Concrete Jungle, Thriving in a Highly Competitive College Environment, 
hartenm Sessions: Adventure Calls: The Benefits and Challenges of Study Abroad, Emergency Medical Technician: Working in the Back of an Ambulance, Conquering the Concrete Jungle, Be Your Own Boss: Entrepreneurship Opportunities in College and Beyond, Thriving in a Highly Competitive College Environment, 
fatuzzos Sessions: Adventure Calls: The Benefits and Challenges of Study Abroad, The Road Less Traveled: Finding the Right Path for You, Be Your Own Boss: Entrepreneurship Opportunities in College and Beyond, Conquering the Concrete Jungle, Thriving in a Highly Competitive College Environment, 
yangy Sessions: Adventure Calls: The Benefits and Challenges of Study Abroad, Conquering the Concrete Jungle, Business Clubs: Campus Involvement and Professional Development, On-Campus Recruiting and the Coveted Junior Year Internship in Finance, Thriving in a Highly Competitive College Environment, 
osborna Sessions: What Is Research When It's Not a R?sum? Builder?, The Road Less Traveled: Finding the Right Path for You, Adventure Calls: The Benefits and Challenges of Study Abroad, Be Your Own Boss: Entrepreneurship Opportunities in College and Beyond, Thriving in a Highly Competitive College Environment, 
buechlyt Sessions: What Is Research When It's Not a R?sum? Builder?, Thriving in a Highly Competitive College Environment, So You Want to Play with Swords: Performance Martial Arts and Club Leadership , Conquering the Concrete Jungle, Greek Life: From Animal House to Developing Tomorrow's Leaders, 
rame Sessions: What Is Research When It's Not a R?sum? Builder?, Emergency Medical Technician: Working in the Back of an Ambulance, So You Want to Play with Swords: Performance Martial Arts and Club Leadership , Be Your Own Boss: Entrepreneurship Opportunities in College and Beyond, Thriving in a Highly Competitive College Environment, 
bursef Sessions: What Is Research When It's Not a R?sum? Builder?, So You Want to Play with Swords: Performance Martial Arts and Club Leadership , The Road Less Traveled: Finding the Right Path for You, Business Clubs: Campus Involvement and Professional Development, Conquering the Concrete Jungle, 
taylorhu Sessions: What Is Research When It's Not a R?sum? Builder?, So You Want to Play with Swords: Performance Martial Arts and Club Leadership , Emergency Medical Technician: Working in the Back of an Ambulance, Business Clubs: Campus Involvement and Professional Development, Thriving in a Highly Competitive College Environment, 
midham Sessions: What Is Research When It's Not a R?sum? Builder?, Community Service and Volunteering: Making an Impact as a College Student, On-Campus Recruiting and the Coveted Junior Year Internship in Finance, Business Clubs: Campus Involvement and Professional Development, Thriving in a Highly Competitive College Environment, 
cordean Sessions: What Is Research When It's Not a R?sum? Builder?, Emergency Medical Technician: Working in the Back of an Ambulance, On-Campus Recruiting and the Coveted Junior Year Internship in Finance, Business Clubs: Campus Involvement and Professional Development, Thriving in a Highly Competitive College Environment, 
thompsond Sessions: So You Want to Play with Swords: Performance Martial Arts and Club Leadership , What Is Research When It's Not a R?sum? Builder?, Making an Impact: Being a Leader in Student Government, Business Clubs: Campus Involvement and Professional Development, Thriving in a Highly Competitive College Environment, 
nguyenn Sessions: So You Want to Play with Swords: Performance Martial Arts and Club Leadership , Adventure Calls: The Benefits and Challenges of Study Abroad, Business Clubs: Campus Involvement and Professional Development, Conquering the Concrete Jungle, Thriving in a Highly Competitive College Environment, 
lie Sessions: So You Want to Play with Swords: Performance Martial Arts and Club Leadership , Adventure Calls: The Benefits and Challenges of Study Abroad, Business Clubs: Campus Involvement and Professional Development, Conquering the Concrete Jungle, Thriving in a Highly Competitive College Environment, 
chandrakru Sessions: Thriving in a Highly Competitive College Environment, What Is Research When It's Not a R?sum? Builder?, So You Want to Play with Swords: Performance Martial Arts and Club Leadership , Conquering the Concrete Jungle, Greek Life: From Animal House to Developing Tomorrow's Leaders, 
hamalla Sessions: On-Campus Recruiting and the Coveted Junior Year Internship in Finance, The Road Less Traveled: Finding the Right Path for You, Adventure Calls: The Benefits and Challenges of Study Abroad, To Read or Not To Read? Interning in Publishing, Business Clubs: Campus Involvement and Professional Development, 
dickersog Sessions: On-Campus Recruiting and the Coveted Junior Year Internship in Finance, Co-Ops and Engineering Internships: Gaining Professional Experience, Be Your Own Boss: Entrepreneurship Opportunities in College and Beyond, Business Clubs: Campus Involvement and Professional Development, Conquering the Concrete Jungle, 
gersonn Sessions: On-Campus Recruiting and the Coveted Junior Year Internship in Finance, Emergency Medical Technician: Working in the Back of an Ambulance, Be Your Own Boss: Entrepreneurship Opportunities in College and Beyond, The Ins and Outs of Engineering Internships, Greek Life: From Animal House to Developing Tomorrow's Leaders, 
raminenia Sessions: To Read or Not To Read? Interning in Publishing, The Road Less Traveled: Finding the Right Path for You, The Ins and Outs of Engineering Internships, Conquering the Concrete Jungle, Greek Life: From Animal House to Developing Tomorrow's Leaders, 
gonzalese Sessions: To Read or Not To Read? Interning in Publishing, Adventure Calls: The Benefits and Challenges of Study Abroad, On-Campus Recruiting and the Coveted Junior Year Internship in Finance, The Ins and Outs of Engineering Internships, Greek Life: From Animal House to Developing Tomorrow's Leaders, 
fleischme Sessions: To Read or Not To Read? Interning in Publishing, The Road Less Traveled: Finding the Right Path for You, Thriving in a Highly Competitive College Environment, Conquering the Concrete Jungle, Greek Life: From Animal House to Developing Tomorrow's Leaders, 
straleyg Sessions: To Read or Not To Read? Interning in Publishing, Adventure Calls: The Benefits and Challenges of Study Abroad, On-Campus Recruiting and the Coveted Junior Year Internship in Finance, The Ins and Outs of Engineering Internships, Greek Life: From Animal House to Developing Tomorrow's Leaders, 
lylem Sessions: To Read or Not To Read? Interning in Publishing, Adventure Calls: The Benefits and Challenges of Study Abroad, On-Campus Recruiting and the Coveted Junior Year Internship in Finance, Be Your Own Boss: Entrepreneurship Opportunities in College and Beyond, Greek Life: From Animal House to Developing Tomorrow's Leaders, 
folanm Sessions: To Read or Not To Read? Interning in Publishing, Emergency Medical Technician: Working in the Back of an Ambulance, Thriving in a Highly Competitive College Environment, On-Campus Recruiting and the Coveted Junior Year Internship in Finance, Greek Life: From Animal House to Developing Tomorrow's Leaders, 
hatcherm Sessions: To Read or Not To Read? Interning in Publishing, Business Clubs: Campus Involvement and Professional Development, Conquering the Concrete Jungle, On-Campus Recruiting and the Coveted Junior Year Internship in Finance, Greek Life: From Animal House to Developing Tomorrow's Leaders, 
mangur Sessions: To Read or Not To Read? Interning in Publishing, Emergency Medical Technician: Working in the Back of an Ambulance, Be Your Own Boss: Entrepreneurship Opportunities in College and Beyond, Conquering the Concrete Jungle, Greek Life: From Animal House to Developing Tomorrow's Leaders, 
williamsb Sessions: Co-Ops and Engineering Internships: Gaining Professional Experience, The Ins and Outs of Engineering Internships, Be Your Own Boss: Entrepreneurship Opportunities in College and Beyond, Community Service and Volunteering: Making an Impact as a College Student, Greek Life: From Animal House to Developing Tomorrow's Leaders, 
cercekg Sessions: Co-Ops and Engineering Internships: Gaining Professional Experience, Adventure Calls: The Benefits and Challenges of Study Abroad, The Ins and Outs of Engineering Internships, Community Service and Volunteering: Making an Impact as a College Student, The Road Less Traveled: Finding the Right Path for You, 
ellerj Sessions: Co-Ops and Engineering Internships: Gaining Professional Experience, What Is Research When It's Not a R?sum? Builder?, The Ins and Outs of Engineering Internships, Community Service and Volunteering: Making an Impact as a College Student, Greek Life: From Animal House to Developing Tomorrow's Leaders, 
paynej Sessions: Co-Ops and Engineering Internships: Gaining Professional Experience, What Is Research When It's Not a R?sum? Builder?, Business Clubs: Campus Involvement and Professional Development, Community Service and Volunteering: Making an Impact as a College Student, Greek Life: From Animal House to Developing Tomorrow's Leaders, 
riemannn Sessions: Co-Ops and Engineering Internships: Gaining Professional Experience, What Is Research When It's Not a R?sum? Builder?, Emergency Medical Technician: Working in the Back of an Ambulance, The Road Less Traveled: Finding the Right Path for You, The Ins and Outs of Engineering Internships, 
shihn Sessions: Co-Ops and Engineering Internships: Gaining Professional Experience, To Read or Not To Read? Interning in Publishing, Emergency Medical Technician: Working in the Back of an Ambulance, The Ins and Outs of Engineering Internships, Greek Life: From Animal House to Developing Tomorrow's Leaders, 
brants Sessions: Co-Ops and Engineering Internships: Gaining Professional Experience, Adventure Calls: The Benefits and Challenges of Study Abroad, Emergency Medical Technician: Working in the Back of an Ambulance, The Ins and Outs of Engineering Internships, Greek Life: From Animal House to Developing Tomorrow's Leaders, 
taylors Sessions: Co-Ops and Engineering Internships: Gaining Professional Experience, The Ins and Outs of Engineering Internships, Conquering the Concrete Jungle, Be Your Own Boss: Entrepreneurship Opportunities in College and Beyond, Community Organizing and College: Participating in Your College?s Democracy , 
mcneile Sessions: The Road Less Traveled: Finding the Right Path for You, Business Clubs: Campus Involvement and Professional Development, To Read or Not To Read? Interning in Publishing, Community Service and Volunteering: Making an Impact as a College Student, Community Organizing and College: Participating in Your College?s Democracy , 
kerschnee Sessions: The Road Less Traveled: Finding the Right Path for You, Be Your Own Boss: Entrepreneurship Opportunities in College and Beyond, To Read or Not To Read? Interning in Publishing, Community Service and Volunteering: Making an Impact as a College Student, Community Organizing and College: Participating in Your College?s Democracy , 
hettingep Sessions: The Road Less Traveled: Finding the Right Path for You, Adventure Calls: The Benefits and Challenges of Study Abroad, The Ins and Outs of Engineering Internships, Community Service and Volunteering: Making an Impact as a College Student, Community Organizing and College: Participating in Your College?s Democracy , 
stewarts Sessions: The Road Less Traveled: Finding the Right Path for You, Be Your Own Boss: Entrepreneurship Opportunities in College and Beyond, The Ins and Outs of Engineering Internships, Co-Ops and Engineering Internships: Gaining Professional Experience, Community Service and Volunteering: Making an Impact as a College Student, 
snellst Sessions: The Road Less Traveled: Finding the Right Path for You, Emergency Medical Technician: Working in the Back of an Ambulance, Business Clubs: Campus Involvement and Professional Development, Be Your Own Boss: Entrepreneurship Opportunities in College and Beyond, Community Organizing and College: Participating in Your College?s Democracy , 
jeffriese Sessions: College Decisions: Choosing a Historically Black College over a Predominately White Institution, So You Want to Play with Swords: Performance Martial Arts and Club Leadership , To Read or Not To Read? Interning in Publishing, Community Service and Volunteering: Making an Impact as a College Student, Community Organizing and College: Participating in Your College?s Democracy , 
jaccacis Sessions: College Decisions: Choosing a Historically Black College over a Predominately White Institution, To Read or Not To Read? Interning in Publishing, Emergency Medical Technician: Working in the Back of an Ambulance, Conquering the Concrete Jungle, Community Organizing and College: Participating in Your College?s Democracy , 
phillipsc Sessions: Business Clubs: Campus Involvement and Professional Development, Making an Impact: Being a Leader in Student Government, Be Your Own Boss: Entrepreneurship Opportunities in College and Beyond, Conquering the Concrete Jungle, Community Organizing and College: Participating in Your College?s Democracy , 
goingsc Sessions: Business Clubs: Campus Involvement and Professional Development, To Read or Not To Read? Interning in Publishing, Conquering the Concrete Jungle, Community Service and Volunteering: Making an Impact as a College Student, Community Organizing and College: Participating in Your College?s Democracy , 
maggarda Sessions: Emergency Medical Technician: Working in the Back of an Ambulance, Adventure Calls: The Benefits and Challenges of Study Abroad, The Road Less Traveled: Finding the Right Path for You, College Decisions: Choosing a Historically Black College over a Predominately White Institution, Community Organizing and College: Participating in Your College?s Democracy , 
webbc Sessions: Emergency Medical Technician: Working in the Back of an Ambulance, Adventure Calls: The Benefits and Challenges of Study Abroad, The Road Less Traveled: Finding the Right Path for You, College Decisions: Choosing a Historically Black College over a Predominately White Institution, Community Organizing and College: Participating in Your College?s Democracy , 
westonf Sessions: Emergency Medical Technician: Working in the Back of an Ambulance, Thriving in a Highly Competitive College Environment, On-Campus Recruiting and the Coveted Junior Year Internship in Finance, Community Service and Volunteering: Making an Impact as a College Student, Community Organizing and College: Participating in Your College?s Democracy , 
smithn Sessions: Emergency Medical Technician: Working in the Back of an Ambulance, Adventure Calls: The Benefits and Challenges of Study Abroad, On-Campus Recruiting and the Coveted Junior Year Internship in Finance, College Decisions: Choosing a Historically Black College over a Predominately White Institution, Community Organizing and College: Participating in Your College?s Democracy , 
pfisterm Sessions: Emergency Medical Technician: Working in the Back of an Ambulance, The Ins and Outs of Engineering Internships, Conquering the Concrete Jungle, Community Service and Volunteering: Making an Impact as a College Student, Co-Ops and Engineering Internships: Gaining Professional Experience, 
hessh Sessions: Emergency Medical Technician: Working in the Back of an Ambulance, Adventure Calls: The Benefits and Challenges of Study Abroad, The Road Less Traveled: Finding the Right Path for You, College Decisions: Choosing a Historically Black College over a Predominately White Institution, Community Organizing and College: Participating in Your College?s Democracy , 
reiringj Sessions: Emergency Medical Technician: Working in the Back of an Ambulance, Adventure Calls: The Benefits and Challenges of Study Abroad, The Road Less Traveled: Finding the Right Path for You, College Decisions: Choosing a Historically Black College over a Predominately White Institution, Community Organizing and College: Participating in Your College?s Democracy , 
valenk Sessions: Emergency Medical Technician: Working in the Back of an Ambulance, Adventure Calls: The Benefits and Challenges of Study Abroad, The Road Less Traveled: Finding the Right Path for You, College Decisions: Choosing a Historically Black College over a Predominately White Institution, Community Organizing and College: Participating in Your College?s Democracy , 
boazk Sessions: Emergency Medical Technician: Working in the Back of an Ambulance, Be Your Own Boss: Entrepreneurship Opportunities in College and Beyond, On-Campus Recruiting and the Coveted Junior Year Internship in Finance, Community Service and Volunteering: Making an Impact as a College Student, Co-Ops and Engineering Internships: Gaining Professional Experience, 
hoffmanl Sessions: Emergency Medical Technician: Working in the Back of an Ambulance, Adventure Calls: The Benefits and Challenges of Study Abroad, The Road Less Traveled: Finding the Right Path for You, The Ins and Outs of Engineering Internships, Co-Ops and Engineering Internships: Gaining Professional Experience, 
wrightm Sessions: Emergency Medical Technician: Working in the Back of an Ambulance, Adventure Calls: The Benefits and Challenges of Study Abroad, The Road Less Traveled: Finding the Right Path for You, College Decisions: Choosing a Historically Black College over a Predominately White Institution, Co-Ops and Engineering Internships: Gaining Professional Experience, 
lutzm Sessions: Emergency Medical Technician: Working in the Back of an Ambulance, Adventure Calls: The Benefits and Challenges of Study Abroad, The Road Less Traveled: Finding the Right Path for You, Conquering the Concrete Jungle, College Decisions: Choosing a Historically Black College over a Predominately White Institution, 
briggsm Sessions: Emergency Medical Technician: Working in the Back of an Ambulance, Conquering the Concrete Jungle, Be Your Own Boss: Entrepreneurship Opportunities in College and Beyond, Community Service and Volunteering: Making an Impact as a College Student, Co-Ops and Engineering Internships: Gaining Professional Experience, 
yardleyo Sessions: Emergency Medical Technician: Working in the Back of an Ambulance, Conquering the Concrete Jungle, The Road Less Traveled: Finding the Right Path for You, College Decisions: Choosing a Historically Black College over a Predominately White Institution, Making an Impact: Being a Leader in Student Government, 
bakers Sessions: Emergency Medical Technician: Working in the Back of an Ambulance, Adventure Calls: The Benefits and Challenges of Study Abroad, Co-Ops and Engineering Internships: Gaining Professional Experience, The Ins and Outs of Engineering Internships, The Road Less Traveled: Finding the Right Path for You, 
zalantsv Sessions: Emergency Medical Technician: Working in the Back of an Ambulance, Adventure Calls: The Benefits and Challenges of Study Abroad, The Road Less Traveled: Finding the Right Path for You, Conquering the Concrete Jungle, College Decisions: Choosing a Historically Black College over a Predominately White Institution, 
kellert Sessions: Emergency Medical Technician: Working in the Back of an Ambulance, On-Campus Recruiting and the Coveted Junior Year Internship in Finance, Be Your Own Boss: Entrepreneurship Opportunities in College and Beyond, College Decisions: Choosing a Historically Black College over a Predominately White Institution, Co-Ops and Engineering Internships: Gaining Professional Experience, 
kellara Sessions: Be Your Own Boss: Entrepreneurship Opportunities in College and Beyond, College Decisions: Choosing a Historically Black College over a Predominately White Institution, So You Want to Play with Swords: Performance Martial Arts and Club Leadership , Making an Impact: Being a Leader in Student Government, Co-Ops and Engineering Internships: Gaining Professional Experience, 
puckettt Sessions: Be Your Own Boss: Entrepreneurship Opportunities in College and Beyond, Co-Ops and Engineering Internships: Gaining Professional Experience, To Read or Not To Read? Interning in Publishing, Making an Impact: Being a Leader in Student Government, The Road Less Traveled: Finding the Right Path for You, 
lul Sessions: Making an Impact: Being a Leader in Student Government, What Is Research When It's Not a R?sum? Builder?, Co-Ops and Engineering Internships: Gaining Professional Experience, The Road Less Traveled: Finding the Right Path for You, Thriving in a Highly Competitive College Environment, 
mastersomia Sessions: Making an Impact: Being a Leader in Student Government, What Is Research When It's Not a R?sum? Builder?, Co-Ops and Engineering Internships: Gaining Professional Experience, The Road Less Traveled: Finding the Right Path for You, Thriving in a Highly Competitive College Environment, 
schepero Sessions: Making an Impact: Being a Leader in Student Government, What Is Research When It's Not a R?sum? Builder?, Co-Ops and Engineering Internships: Gaining Professional Experience, The Road Less Traveled: Finding the Right Path for You, Thriving in a Highly Competitive College Environment, 
samc Sessions: Making an Impact: Being a Leader in Student Government, What Is Research When It's Not a R?sum? Builder?, Co-Ops and Engineering Internships: Gaining Professional Experience, The Road Less Traveled: Finding the Right Path for You, Thriving in a Highly Competitive College Environment, 
youngk Sessions: Making an Impact: Being a Leader in Student Government, Co-Ops and Engineering Internships: Gaining Professional Experience, The Road Less Traveled: Finding the Right Path for You, Be Your Own Boss: Entrepreneurship Opportunities in College and Beyond, Thriving in a Highly Competitive College Environment, 
