pohla Sessions: Adventure Calls: The Benefits and Challenges of Study Abroad, Adventure Calls: The Benefits and Challenges of Study Abroad, Adventure Calls: The Benefits and Challenges of Study Abroad, Adventure Calls: The Benefits and Challenges of Study Abroad, Adventure Calls: The Benefits and Challenges of Study Abroad, 
formana Sessions: Adventure Calls: The Benefits and Challenges of Study Abroad, Adventure Calls: The Benefits and Challenges of Study Abroad, Adventure Calls: The Benefits and Challenges of Study Abroad, Adventure Calls: The Benefits and Challenges of Study Abroad, Adventure Calls: The Benefits and Challenges of Study Abroad, 
kovachh Sessions: Adventure Calls: The Benefits and Challenges of Study Abroad, Adventure Calls: The Benefits and Challenges of Study Abroad, Adventure Calls: The Benefits and Challenges of Study Abroad, Adventure Calls: The Benefits and Challenges of Study Abroad, Adventure Calls: The Benefits and Challenges of Study Abroad, 
alberth Sessions: Adventure Calls: The Benefits and Challenges of Study Abroad, Adventure Calls: The Benefits and Challenges of Study Abroad, Adventure Calls: The Benefits and Challenges of Study Abroad, Adventure Calls: The Benefits and Challenges of Study Abroad, Adventure Calls: The Benefits and Challenges of Study Abroad, 
sullivanj Sessions: Adventure Calls: The Benefits and Challenges of Study Abroad, Adventure Calls: The Benefits and Challenges of Study Abroad, Adventure Calls: The Benefits and Challenges of Study Abroad, Adventure Calls: The Benefits and Challenges of Study Abroad, Adventure Calls: The Benefits and Challenges of Study Abroad, 
rennerj Sessions: Adventure Calls: The Benefits and Challenges of Study Abroad, Adventure Calls: The Benefits and Challenges of Study Abroad, Adventure Calls: The Benefits and Challenges of Study Abroad, Adventure Calls: The Benefits and Challenges of Study Abroad, Adventure Calls: The Benefits and Challenges of Study Abroad, 
settersk Sessions: Adventure Calls: The Benefits and Challenges of Study Abroad, Adventure Calls: The Benefits and Challenges of Study Abroad, Adventure Calls: The Benefits and Challenges of Study Abroad, Adventure Calls: The Benefits and Challenges of Study Abroad, Adventure Calls: The Benefits and Challenges of Study Abroad, 
farrelll Sessions: Adventure Calls: The Benefits and Challenges of Study Abroad, Adventure Calls: The Benefits and Challenges of Study Abroad, Adventure Calls: The Benefits and Challenges of Study Abroad, Adventure Calls: The Benefits and Challenges of Study Abroad, Adventure Calls: The Benefits and Challenges of Study Abroad, 
hartenm Sessions: Adventure Calls: The Benefits and Challenges of Study Abroad, Adventure Calls: The Benefits and Challenges of Study Abroad, Adventure Calls: The Benefits and Challenges of Study Abroad, Adventure Calls: The Benefits and Challenges of Study Abroad, Adventure Calls: The Benefits and Challenges of Study Abroad, 
fatuzzos Sessions: Adventure Calls: The Benefits and Challenges of Study Abroad, Adventure Calls: The Benefits and Challenges of Study Abroad, Adventure Calls: The Benefits and Challenges of Study Abroad, Adventure Calls: The Benefits and Challenges of Study Abroad, Adventure Calls: The Benefits and Challenges of Study Abroad, 
yangy Sessions: Adventure Calls: The Benefits and Challenges of Study Abroad, Adventure Calls: The Benefits and Challenges of Study Abroad, Adventure Calls: The Benefits and Challenges of Study Abroad, Adventure Calls: The Benefits and Challenges of Study Abroad, Adventure Calls: The Benefits and Challenges of Study Abroad, 
osborna Sessions: Be Your Own Boss: Entrepreneurship Opportunities in College and Beyond, Be Your Own Boss: Entrepreneurship Opportunities in College and Beyond, Be Your Own Boss: Entrepreneurship Opportunities in College and Beyond, Be Your Own Boss: Entrepreneurship Opportunities in College and Beyond, Be Your Own Boss: Entrepreneurship Opportunities in College and Beyond, 
buechlyt Sessions: Be Your Own Boss: Entrepreneurship Opportunities in College and Beyond, Be Your Own Boss: Entrepreneurship Opportunities in College and Beyond, Be Your Own Boss: Entrepreneurship Opportunities in College and Beyond, Be Your Own Boss: Entrepreneurship Opportunities in College and Beyond, Be Your Own Boss: Entrepreneurship Opportunities in College and Beyond, 
rame Sessions: Be Your Own Boss: Entrepreneurship Opportunities in College and Beyond, Be Your Own Boss: Entrepreneurship Opportunities in College and Beyond, Be Your Own Boss: Entrepreneurship Opportunities in College and Beyond, Be Your Own Boss: Entrepreneurship Opportunities in College and Beyond, Be Your Own Boss: Entrepreneurship Opportunities in College and Beyond, 
bursef Sessions: Be Your Own Boss: Entrepreneurship Opportunities in College and Beyond, Be Your Own Boss: Entrepreneurship Opportunities in College and Beyond, Be Your Own Boss: Entrepreneurship Opportunities in College and Beyond, Be Your Own Boss: Entrepreneurship Opportunities in College and Beyond, Be Your Own Boss: Entrepreneurship Opportunities in College and Beyond, 
taylorhu Sessions: Be Your Own Boss: Entrepreneurship Opportunities in College and Beyond, Be Your Own Boss: Entrepreneurship Opportunities in College and Beyond, Be Your Own Boss: Entrepreneurship Opportunities in College and Beyond, Be Your Own Boss: Entrepreneurship Opportunities in College and Beyond, Be Your Own Boss: Entrepreneurship Opportunities in College and Beyond, 
midham Sessions: Be Your Own Boss: Entrepreneurship Opportunities in College and Beyond, Be Your Own Boss: Entrepreneurship Opportunities in College and Beyond, Be Your Own Boss: Entrepreneurship Opportunities in College and Beyond, Be Your Own Boss: Entrepreneurship Opportunities in College and Beyond, Be Your Own Boss: Entrepreneurship Opportunities in College and Beyond, 
cordean Sessions: Be Your Own Boss: Entrepreneurship Opportunities in College and Beyond, Be Your Own Boss: Entrepreneurship Opportunities in College and Beyond, Be Your Own Boss: Entrepreneurship Opportunities in College and Beyond, Be Your Own Boss: Entrepreneurship Opportunities in College and Beyond, Be Your Own Boss: Entrepreneurship Opportunities in College and Beyond, 
thompsond Sessions: Business Clubs: Campus Involvement and Professional Development, Business Clubs: Campus Involvement and Professional Development, Business Clubs: Campus Involvement and Professional Development, Business Clubs: Campus Involvement and Professional Development, Business Clubs: Campus Involvement and Professional Development, 
nguyenn Sessions: Business Clubs: Campus Involvement and Professional Development, Business Clubs: Campus Involvement and Professional Development, Business Clubs: Campus Involvement and Professional Development, Business Clubs: Campus Involvement and Professional Development, Business Clubs: Campus Involvement and Professional Development, 
lie Sessions: Business Clubs: Campus Involvement and Professional Development, Business Clubs: Campus Involvement and Professional Development, Business Clubs: Campus Involvement and Professional Development, Business Clubs: Campus Involvement and Professional Development, Business Clubs: Campus Involvement and Professional Development, 
chandrakru Sessions: Community Organizing and College: Participating in Your College?s Democracy , Community Organizing and College: Participating in Your College?s Democracy , Community Organizing and College: Participating in Your College?s Democracy , Community Organizing and College: Participating in Your College?s Democracy , Community Organizing and College: Participating in Your College?s Democracy , 
hamalla Sessions: Community Service and Volunteering: Making an Impact as a College Student, Community Service and Volunteering: Making an Impact as a College Student, Community Service and Volunteering: Making an Impact as a College Student, Community Service and Volunteering: Making an Impact as a College Student, Community Service and Volunteering: Making an Impact as a College Student, 
dickersog Sessions: Community Service and Volunteering: Making an Impact as a College Student, Community Service and Volunteering: Making an Impact as a College Student, Community Service and Volunteering: Making an Impact as a College Student, Community Service and Volunteering: Making an Impact as a College Student, Community Service and Volunteering: Making an Impact as a College Student, 
gersonn Sessions: Community Service and Volunteering: Making an Impact as a College Student, Community Service and Volunteering: Making an Impact as a College Student, Community Service and Volunteering: Making an Impact as a College Student, Community Service and Volunteering: Making an Impact as a College Student, Community Service and Volunteering: Making an Impact as a College Student, 
raminenia Sessions: Conquering the Concrete Jungle, Conquering the Concrete Jungle, Conquering the Concrete Jungle, Conquering the Concrete Jungle, Conquering the Concrete Jungle, 
gonzalese Sessions: Conquering the Concrete Jungle, Conquering the Concrete Jungle, Conquering the Concrete Jungle, Conquering the Concrete Jungle, Conquering the Concrete Jungle, 
fleischme Sessions: Conquering the Concrete Jungle, Conquering the Concrete Jungle, Conquering the Concrete Jungle, Conquering the Concrete Jungle, Conquering the Concrete Jungle, 
straleyg Sessions: Conquering the Concrete Jungle, Conquering the Concrete Jungle, Conquering the Concrete Jungle, Conquering the Concrete Jungle, Conquering the Concrete Jungle, 
lylem Sessions: Conquering the Concrete Jungle, Conquering the Concrete Jungle, Conquering the Concrete Jungle, Conquering the Concrete Jungle, Conquering the Concrete Jungle, 
folanm Sessions: Conquering the Concrete Jungle, Conquering the Concrete Jungle, Conquering the Concrete Jungle, Conquering the Concrete Jungle, Conquering the Concrete Jungle, 
hatcherm Sessions: Conquering the Concrete Jungle, Conquering the Concrete Jungle, Conquering the Concrete Jungle, Conquering the Concrete Jungle, Conquering the Concrete Jungle, 
mangur Sessions: Conquering the Concrete Jungle, Conquering the Concrete Jungle, Conquering the Concrete Jungle, Conquering the Concrete Jungle, Conquering the Concrete Jungle, 
williamsb Sessions: Co-Ops and Engineering Internships: Gaining Professional Experience, Co-Ops and Engineering Internships: Gaining Professional Experience, Co-Ops and Engineering Internships: Gaining Professional Experience, Co-Ops and Engineering Internships: Gaining Professional Experience, Co-Ops and Engineering Internships: Gaining Professional Experience, 
cercekg Sessions: Co-Ops and Engineering Internships: Gaining Professional Experience, Co-Ops and Engineering Internships: Gaining Professional Experience, Co-Ops and Engineering Internships: Gaining Professional Experience, Co-Ops and Engineering Internships: Gaining Professional Experience, Co-Ops and Engineering Internships: Gaining Professional Experience, 
ellerj Sessions: Co-Ops and Engineering Internships: Gaining Professional Experience, Co-Ops and Engineering Internships: Gaining Professional Experience, Co-Ops and Engineering Internships: Gaining Professional Experience, Co-Ops and Engineering Internships: Gaining Professional Experience, Co-Ops and Engineering Internships: Gaining Professional Experience, 
paynej Sessions: Co-Ops and Engineering Internships: Gaining Professional Experience, Co-Ops and Engineering Internships: Gaining Professional Experience, Co-Ops and Engineering Internships: Gaining Professional Experience, Co-Ops and Engineering Internships: Gaining Professional Experience, Co-Ops and Engineering Internships: Gaining Professional Experience, 
riemannn Sessions: Co-Ops and Engineering Internships: Gaining Professional Experience, Co-Ops and Engineering Internships: Gaining Professional Experience, Co-Ops and Engineering Internships: Gaining Professional Experience, Co-Ops and Engineering Internships: Gaining Professional Experience, Co-Ops and Engineering Internships: Gaining Professional Experience, 
shihn Sessions: Co-Ops and Engineering Internships: Gaining Professional Experience, Co-Ops and Engineering Internships: Gaining Professional Experience, Co-Ops and Engineering Internships: Gaining Professional Experience, Co-Ops and Engineering Internships: Gaining Professional Experience, Co-Ops and Engineering Internships: Gaining Professional Experience, 
brants Sessions: Co-Ops and Engineering Internships: Gaining Professional Experience, Co-Ops and Engineering Internships: Gaining Professional Experience, Co-Ops and Engineering Internships: Gaining Professional Experience, Co-Ops and Engineering Internships: Gaining Professional Experience, Co-Ops and Engineering Internships: Gaining Professional Experience, 
taylors Sessions: Co-Ops and Engineering Internships: Gaining Professional Experience, Co-Ops and Engineering Internships: Gaining Professional Experience, Co-Ops and Engineering Internships: Gaining Professional Experience, Co-Ops and Engineering Internships: Gaining Professional Experience, Co-Ops and Engineering Internships: Gaining Professional Experience, 
mcneile Sessions: Emergency Medical Technician: Working in the Back of an Ambulance, Emergency Medical Technician: Working in the Back of an Ambulance, Emergency Medical Technician: Working in the Back of an Ambulance, Emergency Medical Technician: Working in the Back of an Ambulance, Emergency Medical Technician: Working in the Back of an Ambulance, 
kerschnee Sessions: Emergency Medical Technician: Working in the Back of an Ambulance, Emergency Medical Technician: Working in the Back of an Ambulance, Emergency Medical Technician: Working in the Back of an Ambulance, Emergency Medical Technician: Working in the Back of an Ambulance, Emergency Medical Technician: Working in the Back of an Ambulance, 
hettingep Sessions: Emergency Medical Technician: Working in the Back of an Ambulance, Emergency Medical Technician: Working in the Back of an Ambulance, Emergency Medical Technician: Working in the Back of an Ambulance, Emergency Medical Technician: Working in the Back of an Ambulance, Emergency Medical Technician: Working in the Back of an Ambulance, 
stewarts Sessions: Emergency Medical Technician: Working in the Back of an Ambulance, Emergency Medical Technician: Working in the Back of an Ambulance, Emergency Medical Technician: Working in the Back of an Ambulance, Emergency Medical Technician: Working in the Back of an Ambulance, Emergency Medical Technician: Working in the Back of an Ambulance, 
snellst Sessions: Emergency Medical Technician: Working in the Back of an Ambulance, Emergency Medical Technician: Working in the Back of an Ambulance, Emergency Medical Technician: Working in the Back of an Ambulance, Emergency Medical Technician: Working in the Back of an Ambulance, Emergency Medical Technician: Working in the Back of an Ambulance, 
jeffriese Sessions: Making an Impact: Being a Leader in Student Government, Making an Impact: Being a Leader in Student Government, Making an Impact: Being a Leader in Student Government, Making an Impact: Being a Leader in Student Government, Making an Impact: Being a Leader in Student Government, 
jaccacis Sessions: Making an Impact: Being a Leader in Student Government, Making an Impact: Being a Leader in Student Government, Making an Impact: Being a Leader in Student Government, Making an Impact: Being a Leader in Student Government, Making an Impact: Being a Leader in Student Government, 
phillipsc Sessions: So You Want to Play with Swords: Performance Martial Arts and Club Leadership , So You Want to Play with Swords: Performance Martial Arts and Club Leadership , So You Want to Play with Swords: Performance Martial Arts and Club Leadership , So You Want to Play with Swords: Performance Martial Arts and Club Leadership , So You Want to Play with Swords: Performance Martial Arts and Club Leadership , 
goingsc Sessions: So You Want to Play with Swords: Performance Martial Arts and Club Leadership , So You Want to Play with Swords: Performance Martial Arts and Club Leadership , So You Want to Play with Swords: Performance Martial Arts and Club Leadership , So You Want to Play with Swords: Performance Martial Arts and Club Leadership , So You Want to Play with Swords: Performance Martial Arts and Club Leadership , 
maggarda Sessions: The Road Less Traveled: Finding the Right Path for You, The Road Less Traveled: Finding the Right Path for You, The Road Less Traveled: Finding the Right Path for You, The Road Less Traveled: Finding the Right Path for You, The Road Less Traveled: Finding the Right Path for You, 
webbc Sessions: The Road Less Traveled: Finding the Right Path for You, The Road Less Traveled: Finding the Right Path for You, The Road Less Traveled: Finding the Right Path for You, The Road Less Traveled: Finding the Right Path for You, The Road Less Traveled: Finding the Right Path for You, 
westonf Sessions: The Road Less Traveled: Finding the Right Path for You, The Road Less Traveled: Finding the Right Path for You, The Road Less Traveled: Finding the Right Path for You, The Road Less Traveled: Finding the Right Path for You, The Road Less Traveled: Finding the Right Path for You, 
smithn Sessions: The Road Less Traveled: Finding the Right Path for You, The Road Less Traveled: Finding the Right Path for You, The Road Less Traveled: Finding the Right Path for You, The Road Less Traveled: Finding the Right Path for You, The Road Less Traveled: Finding the Right Path for You, 
pfisterm Sessions: The Road Less Traveled: Finding the Right Path for You, The Road Less Traveled: Finding the Right Path for You, The Road Less Traveled: Finding the Right Path for You, The Road Less Traveled: Finding the Right Path for You, The Road Less Traveled: Finding the Right Path for You, 
hessh Sessions: The Road Less Traveled: Finding the Right Path for You, The Road Less Traveled: Finding the Right Path for You, The Road Less Traveled: Finding the Right Path for You, The Road Less Traveled: Finding the Right Path for You, The Road Less Traveled: Finding the Right Path for You, 
reiringj Sessions: The Road Less Traveled: Finding the Right Path for You, The Road Less Traveled: Finding the Right Path for You, The Road Less Traveled: Finding the Right Path for You, The Road Less Traveled: Finding the Right Path for You, The Road Less Traveled: Finding the Right Path for You, 
valenk Sessions: The Road Less Traveled: Finding the Right Path for You, The Road Less Traveled: Finding the Right Path for You, The Road Less Traveled: Finding the Right Path for You, The Road Less Traveled: Finding the Right Path for You, The Road Less Traveled: Finding the Right Path for You, 
boazk Sessions: The Road Less Traveled: Finding the Right Path for You, The Road Less Traveled: Finding the Right Path for You, The Road Less Traveled: Finding the Right Path for You, The Road Less Traveled: Finding the Right Path for You, The Road Less Traveled: Finding the Right Path for You, 
hoffmanl Sessions: The Road Less Traveled: Finding the Right Path for You, The Road Less Traveled: Finding the Right Path for You, The Road Less Traveled: Finding the Right Path for You, The Road Less Traveled: Finding the Right Path for You, The Road Less Traveled: Finding the Right Path for You, 
wrightm Sessions: The Road Less Traveled: Finding the Right Path for You, The Road Less Traveled: Finding the Right Path for You, The Road Less Traveled: Finding the Right Path for You, The Road Less Traveled: Finding the Right Path for You, The Road Less Traveled: Finding the Right Path for You, 
lutzm Sessions: The Road Less Traveled: Finding the Right Path for You, The Road Less Traveled: Finding the Right Path for You, The Road Less Traveled: Finding the Right Path for You, The Road Less Traveled: Finding the Right Path for You, The Road Less Traveled: Finding the Right Path for You, 
briggsm Sessions: The Road Less Traveled: Finding the Right Path for You, The Road Less Traveled: Finding the Right Path for You, The Road Less Traveled: Finding the Right Path for You, The Road Less Traveled: Finding the Right Path for You, The Road Less Traveled: Finding the Right Path for You, 
yardleyo Sessions: The Road Less Traveled: Finding the Right Path for You, The Road Less Traveled: Finding the Right Path for You, The Road Less Traveled: Finding the Right Path for You, The Road Less Traveled: Finding the Right Path for You, The Road Less Traveled: Finding the Right Path for You, 
bakers Sessions: The Road Less Traveled: Finding the Right Path for You, The Road Less Traveled: Finding the Right Path for You, The Road Less Traveled: Finding the Right Path for You, The Road Less Traveled: Finding the Right Path for You, The Road Less Traveled: Finding the Right Path for You, 
zalantsv Sessions: The Road Less Traveled: Finding the Right Path for You, The Road Less Traveled: Finding the Right Path for You, The Road Less Traveled: Finding the Right Path for You, The Road Less Traveled: Finding the Right Path for You, The Road Less Traveled: Finding the Right Path for You, 
kellert Sessions: The Road Less Traveled: Finding the Right Path for You, The Road Less Traveled: Finding the Right Path for You, The Road Less Traveled: Finding the Right Path for You, The Road Less Traveled: Finding the Right Path for You, The Road Less Traveled: Finding the Right Path for You, 
kellara Sessions: Thriving in a Highly Competitive College Environment, Thriving in a Highly Competitive College Environment, Thriving in a Highly Competitive College Environment, Thriving in a Highly Competitive College Environment, Thriving in a Highly Competitive College Environment, 
puckettt Sessions: What Is Research When It's Not a R?sum? Builder?, What Is Research When It's Not a R?sum? Builder?, What Is Research When It's Not a R?sum? Builder?, What Is Research When It's Not a R?sum? Builder?, What Is Research When It's Not a R?sum? Builder?, 
lul Sessions: College Decisions: Choosing a Historically Black College over a Predominately White Institution, College Decisions: Choosing a Historically Black College over a Predominately White Institution, College Decisions: Choosing a Historically Black College over a Predominately White Institution, College Decisions: Choosing a Historically Black College over a Predominately White Institution, College Decisions: Choosing a Historically Black College over a Predominately White Institution, 
mastersomia Sessions: College Decisions: Choosing a Historically Black College over a Predominately White Institution, College Decisions: Choosing a Historically Black College over a Predominately White Institution, College Decisions: Choosing a Historically Black College over a Predominately White Institution, College Decisions: Choosing a Historically Black College over a Predominately White Institution, College Decisions: Choosing a Historically Black College over a Predominately White Institution, 
schepero Sessions: College Decisions: Choosing a Historically Black College over a Predominately White Institution, College Decisions: Choosing a Historically Black College over a Predominately White Institution, College Decisions: Choosing a Historically Black College over a Predominately White Institution, College Decisions: Choosing a Historically Black College over a Predominately White Institution, College Decisions: Choosing a Historically Black College over a Predominately White Institution, 
samc Sessions: College Decisions: Choosing a Historically Black College over a Predominately White Institution, College Decisions: Choosing a Historically Black College over a Predominately White Institution, College Decisions: Choosing a Historically Black College over a Predominately White Institution, College Decisions: Choosing a Historically Black College over a Predominately White Institution, College Decisions: Choosing a Historically Black College over a Predominately White Institution, 
youngk Sessions: College Decisions: Choosing a Historically Black College over a Predominately White Institution, College Decisions: Choosing a Historically Black College over a Predominately White Institution, College Decisions: Choosing a Historically Black College over a Predominately White Institution, College Decisions: Choosing a Historically Black College over a Predominately White Institution, College Decisions: Choosing a Historically Black College over a Predominately White Institution, 
